Order_ID,Product,Region,Quantity,Unit_Price,Sales
1,Headphones,North,8,6390,51120
2,Keyboard,North,7,1266,8862
3,Monitor,East,5,24423,122115
4,Headphones,West,6,1130,6780
5,Keyboard,South,6,3191,19146
6,Mobile,West,6,32568,195408
7,Keyboard,West,1,3704,3704
8,Monitor,East,3,28942,86826
9,Headphones,East,9,2267,20403
10,Monitor,North,7,13890,97230
11,Keyboard,North,9,3235,29115
12,Headphones,South,9,1241,11169
13,Mobile,North,7,38483,269381
14,Headphones,North,3,1775,5325
15,Laptop,West,8,51585,412680
16,Headphones,South,6,2021,12126
17,Mobile,West,2,24692,49384
18,Mobile,West,4,15161,60644
19,Headphones,North,5,7439,37195
20,Keyboard,South,5,1678,8390
21,Mobile,North,9,36243,326187
22,Keyboard,East,1,4684,4684
23,Laptop,East,8,52568,420544
24,Laptop,West,8,52695,421560
25,Monitor,East,8,16736,133888
26,Monitor,East,5,22666,113330
27,Mobile,East,9,37662,338958
28,Headphones,South,7,4104,28728
29,Keyboard,East,8,3531,28248
30,Monitor,East,3,15056,45168
31,Keyboard,East,1,3490,3490
32,Keyboard,South,7,1302,9114
33,Monitor,North,3,10206,30618
34,Laptop,West,4,71500,286000
35,Keyboard,East,4,2478,9912
36,Keyboard,West,3,2522,7566
37,Headphones,South,9,3729,33561
38,Keyboard,South,4,4427,17708
39,Monitor,West,9,20230,182070
40,Laptop,North,9,51306,461754
41,Headphones,North,3,6864,20592
42,Monitor,North,1,13748,13748
43,Monitor,South,6,10663,63978
44,Laptop,West,1,71616,71616
45,Mobile,West,7,32675,228725
46,Mobile,East,5,38664,193320
47,Laptop,West,1,77728,77728
48,Mobile,South,5,15854,79270
49,Laptop,North,2,78050,156100
50,Keyboard,West,6,3577,21462
51,Headphones,East,8,1202,9616
52,Monitor,North,8,14389,115112
53,Keyboard,West,6,997,5982
54,Monitor,East,1,25087,25087
55,Laptop,West,6,70666,423996
56,Keyboard,East,4,1459,5836
57,Monitor,South,3,11986,35958
58,Headphones,West,4,2734,10936
59,Laptop,North,7,68343,478401
60,Mobile,West,9,16802,151218
61,Laptop,South,3,64486,193458
62,Headphones,West,9,7489,67401
63,Headphones,West,2,5976,11952
64,Laptop,West,5,64589,322945
65,Keyboard,West,7,4890,34230
66,Laptop,North,3,69554,208662
67,Monitor,West,6,16295,97770
68,Laptop,West,1,79299,79299
69,Headphones,South,4,5199,20796
70,Monitor,West,9,12557,113013
71,Monitor,North,2,24172,48344
72,Mobile,South,3,17869,53607
73,Keyboard,North,1,4867,4867
74,Headphones,North,5,5493,27465
75,Headphones,West,8,7015,56120
76,Monitor,North,1,14735,14735
77,Headphones,East,7,5565,38955
78,Keyboard,East,8,3285,26280
79,Monitor,East,5,26609,133045
80,Laptop,West,1,57022,57022
81,Keyboard,West,3,1615,4845
82,Headphones,East,1,6311,6311
83,Laptop,West,5,75819,379095
84,Monitor,West,8,11060,88480
85,Keyboard,North,5,1101,5505
86,Monitor,West,5,10190,50950
87,Laptop,West,2,69778,139556
88,Laptop,South,6,72238,433428
89,Mobile,East,8,49663,397304
90,Mobile,West,6,19014,114084
91,Mobile,East,2,31538,63076
92,Mobile,North,1,42751,42751
93,Laptop,East,7,62533,437731
94,Keyboard,South,3,3606,10818
95,Mobile,North,7,25647,179529
96,Laptop,West,4,54780,219120
97,Laptop,West,3,56655,169965
98,Headphones,South,7,5929,41503
99,Monitor,North,6,26958,161748
100,Mobile,South,4,46024,184096
