Order_ID,Product,Category,Region,Quantity,Unit_Price,Sales
1,Keyboard,Accessories,North,8,4572,36576
2,Monitor,Electronics,East,3,14426,43278
3,Headphones,Accessories,West,5,4171,20855
4,Headphones,Accessories,South,5,1769,8845
5,Keyboard,Accessories,South,6,3233,19398
6,Keyboard,Accessories,North,1,4185,4185
7,Monitor,Electronics,West,9,18666,167994
8,Headphones,Accessories,East,3,2899,8697
9,Keyboard,Accessories,West,9,4002,36018
10,Monitor,Electronics,East,7,24502,171514
11,Mobile,Electronics,West,9,23433,210897
12,Mobile,Electronics,North,5,38483,192415
13,Keyboard,Accessories,North,8,4814,38512
14,Headphones,Accessories,South,1,2955,2955
15,Mobile,Electronics,West,4,34457,137828
16,Mobile,Electronics,West,6,24692,148152
17,Mobile,Electronics,South,2,41557,83114
18,Keyboard,Accessories,South,8,4598,36784
19,Keyboard,Accessories,North,8,1137,9096
20,Monitor,Electronics,West,9,16331,146979
21,Keyboard,Accessories,North,9,2862,25758
22,Monitor,Electronics,North,9,18006,162054
23,Laptop,Electronics,West,1,52027,52027
24,Headphones,Accessories,East,1,1391,1391
25,Headphones,Accessories,East,1,5474,5474
26,Monitor,Electronics,South,7,16184,113288
27,Keyboard,Accessories,East,9,3904,35136
28,Monitor,Electronics,East,8,20965,167720
29,Headphones,Accessories,East,1,7756,7756
30,Headphones,Accessories,North,5,1502,7510
31,Headphones,Accessories,North,3,1863,5589
32,Laptop,Electronics,West,4,68141,272564
33,Monitor,Electronics,East,7,11678,81746
34,Headphones,Accessories,North,4,7668,30672
35,Headphones,Accessories,East,6,6915,41490
36,Mobile,Electronics,South,9,17693,159237
37,Keyboard,Accessories,West,4,2781,11124
38,Headphones,Accessories,West,7,6592,46144
39,Laptop,Electronics,North,9,51306,461754
40,Laptop,Electronics,West,9,59474,535266
41,Headphones,Accessories,North,5,6353,31765
42,Keyboard,Accessories,West,6,4543,27258
43,Laptop,Electronics,West,1,68237,68237
44,Laptop,Electronics,South,4,67675,270700
45,Mobile,Electronics,East,1,16636,16636
46,Laptop,Electronics,West,1,67082,67082
47,Laptop,Electronics,South,2,64555,129110
48,Monitor,Electronics,West,1,23949,23949
49,Mobile,Electronics,North,6,36919,221514
50,Keyboard,Accessories,East,8,1566,12528
51,Monitor,Electronics,West,2,10197,20394
52,Headphones,Accessories,East,1,4272,4272
53,Keyboard,Accessories,East,6,3311,19866
54,Monitor,Electronics,East,4,12811,51244
55,Headphones,Accessories,West,3,2369,7107
56,Headphones,Accessories,East,3,4219,12657
57,Keyboard,Accessories,North,1,2759,2759
58,Mobile,Electronics,West,1,16802,16802
59,Keyboard,Accessories,North,9,4861,43749
60,Mobile,Electronics,East,7,46065,322455
61,Laptop,Electronics,West,1,52049,52049
62,Laptop,Electronics,West,5,69492,347460
63,Headphones,Accessories,East,9,4170,37530
64,Headphones,Accessories,West,3,5499,16497
65,Laptop,Electronics,West,4,62874,251496
66,Laptop,Electronics,West,4,59637,238548
67,Keyboard,Accessories,South,3,3983,11949
68,Laptop,Electronics,East,9,64172,577548
69,Mobile,Electronics,West,2,26969,53938
70,Headphones,Accessories,West,9,5067,45603
71,Laptop,Electronics,West,1,70877,70877
72,Monitor,Electronics,West,4,23446,93784
73,Headphones,Accessories,North,1,3735,3735
74,Keyboard,Accessories,East,3,4246,12738
75,Monitor,Electronics,East,6,15895,95370
76,Headphones,Accessories,East,2,5893,11786
77,Laptop,Electronics,West,1,79124,79124
78,Keyboard,Accessories,North,3,3920,11760
79,Laptop,Electronics,West,5,60757,303785
80,Headphones,Accessories,West,9,2060,18540
81,Monitor,Electronics,North,5,26990,134950
82,Headphones,Accessories,West,1,2139,2139
83,Monitor,Electronics,North,7,27568,192976
84,Headphones,Accessories,West,2,2816,5632
85,Mobile,Electronics,East,6,15569,93414
86,Headphones,Accessories,West,8,5721,45768
87,Mobile,Electronics,East,2,15784,31568
88,Laptop,Electronics,North,6,57343,344058
89,Monitor,Electronics,South,7,26921,188447
90,Headphones,Accessories,South,9,3455,31095
91,Monitor,Electronics,West,7,22323,156261
92,Monitor,Electronics,West,1,22039,22039
93,Keyboard,Accessories,East,7,1966,13762
94,Keyboard,Accessories,South,2,3574,7148
95,Headphones,Accessories,North,6,7457,44742
96,Mobile,Electronics,South,1,19777,19777
97,Headphones,Accessories,West,5,7407,37035
98,Monitor,Electronics,West,5,10876,54380
99,Keyboard,Accessories,South,3,1435,4305
100,Mobile,Electronics,South,3,36136,108408
